Наименование,Цена,ссылка на фотографию
Кровать Эстель-1 160 Velvet Light,27990,https://cdn0.divan.ru/img/v1/PcBOzZy9hEzdyrMZ9YI_AFCcswuRlIiKZn1RBQqTQqI/t:0::0:0/pd:30:30:30:30/rs:fit:364:216:0:1:ce:0:0/g:ce:0:0/bg:f5f3f1/q:85/czM6Ly9kaXZhbi9wcm9kdWN0LzUwNjY2NTUucG5n.jpg
Комплект постельного белья Лейк 2.0 Beige,4990,https://cdn0.divan.ru/img/v1/ycmSeiDkiz0OQQqWeDX0fQs4ZeDRP_R6QemKzqb0vAA/t:0::0:0/pd:30:30:30:30/rs:fit:364:216:0:1:ce:0:0/g:ce:0:0/bg:f5f3f1/q:85/czM6Ly9kaXZhbi9wcm9kdWN0LzQ2NDY4MzkucG5n.jpg
Матрас Эслаун 160x200,32990,https://cdn0.divan.ru/img/v1/91O9E0y3iQtqN-gV-fv_4S7IciWHXpX52oidI-9scdQ/t:0::0:0/pd:30:30:30:30/rs:fit:364:216:0:1:ce:0:0/g:ce:0:0/bg:f5f3f1/q:85/czM6Ly9kaXZhbi9wcm9kdWN0LzQxOTQ3NDMucG5n.jpg
Кровать Лайтси 160 Velvet Grey,34990,https://cdn0.divan.ru/img/v1/yZ8F095Aa_c7uO4gbf5rteNCu6kNpLs8m0mWziRCI58/t:0::0:0/pd:30:30:30:30/rs:fit:364:216:0:1:ce:0:0/g:ce:0:0/bg:f5f3f1/q:85/czM6Ly9kaXZhbi9wcm9kdWN0LzQ0NTA4NjkucG5n.jpg
Кровать Селена 160 White,16990,https://cdn0.divan.ru/img/v1/OTAu6x3LuGsYoPhHOVg-YynJi0xXqI01XoZnWGje4Sg/t:0::0:0/pd:30:30:30:30/rs:fit:364:216:0:1:ce:0:0/g:ce:0:0/bg:f5f3f1/q:85/czM6Ly9kaXZhbi9wcm9kdWN0LzUxMTYwNzEucG5n.jpg
Матрас Армант 160x200,14990,https://cdn0.divan.ru/img/v1/kqMSrDyhP33YQBomwttraBKM5RHtWp3NhYnB_-TkfPQ/t:0::0:0/pd:30:30:30:30/rs:fit:364:216:0:1:ce:0:0/g:ce:0:0/bg:f5f3f1/q:85/czM6Ly9kaXZhbi9wcm9kdWN0LzQ3ODAzNzgucG5n.jpg
Кровать Лосон 90 Velvet Light,27990,https://cdn0.divan.ru/img/v1/lYj4gAQUCSsMNEU_SY3N7rCd8khPC4ENKRMe-P5Vat0/t:0::0:0/pd:30:30:30:30/rs:fit:364:216:0:1:ce:0:0/g:ce:0:0/bg:f5f3f1/q:85/czM6Ly9kaXZhbi9wcm9kdWN0LzQ0MjY4MDcucG5n.jpg
Кровать Далти 160 Bucle Blue,55990,https://cdn0.divan.ru/img/v1/FVLYPnpSCVwyvE8Zf9-FejnkB94h7GIOdZu3bkK7VZ0/t:0::0:0/pd:30:30:30:30/rs:fit:364:216:0:1:ce:0:0/g:ce:0:0/bg:f5f3f1/q:85/czM6Ly9kaXZhbi9wcm9kdWN0LzQ1NDMyNzQucG5n.jpg
Кровать Эби 160 Happy Grey,41990,https://cdn0.divan.ru/img/v1/5F7LKesMTYdv_IxnWPQ2MGJ-z2iUSgd6mXRSOpxTCEA/t:0::0:0/pd:30:30:30:30/rs:fit:364:216:0:1:ce:0:0/g:ce:0:0/bg:f5f3f1/q:85/czM6Ly9kaXZhbi9wcm9kdWN0LzQ1NDQ0ODYucG5n.jpg
Кровать Лерэн 160 Olive,46990,https://cdn0.divan.ru/img/v1/gOCTvq18T1yy-e-W0j4Ul10oJlfWJOf4-Mf9bCEnuyM/t:0::0:0/pd:30:30:30:30/rs:fit:364:216:0:1:ce:0:0/g:ce:0:0/bg:f5f3f1/q:85/czM6Ly9kaXZhbi9wcm9kdWN0LzQ4NTE4NjIucG5n.jpg
Кровать Майтон 160 Bucle Pink,40990,https://cdn0.divan.ru/img/v1/kcBEPF6qHYakYC20rpZxjdYZvPX7caYmBRT0-UUg9QM/t:0::0:0/pd:30:30:30:30/rs:fit:364:216:0:1:ce:0:0/g:ce:0:0/bg:f5f3f1/q:95/czM6Ly9kaXZhbi9wcm9kdWN0LzUzNDIwNDkucG5n.jpg
Комплект постельного белья Вилассо 2.0 Pink,4990,https://cdn0.divan.ru/img/v1/Bpx8ePpNRkmQLzwYKBR6yRRsAhF1tB4zYiOOZsgNyzY/t:0::0:0/pd:30:30:30:30/rs:fit:364:216:0:1:ce:0:0/g:ce:0:0/bg:f5f3f1/q:85/czM6Ly9kaXZhbi9wcm9kdWN0LzQ2NDY4MjMucG5n.jpg
Кровать Льери 160 Velvet Sand,48990,https://cdn0.divan.ru/img/v1/nVWGRkCgBfJIHKg8umwVSGetSb2F_ReyR_HILl2EqTA/t:0::0:0/pd:30:30:30:30/rs:fit:364:216:0:1:ce:0:0/g:ce:0:0/bg:f5f3f1/q:85/czM6Ly9kaXZhbi9wcm9kdWN0LzQxNTY1NDAucG5n.jpg
Кровать Бран-2 160 Velvet Silver,35990,https://cdn0.divan.ru/img/v1/rb4Jizqm5eNfUw2zfI_bQLmQbvzbtrF1tg0rI6qCDLA/t:0::0:0/pd:30:30:30:30/rs:fit:364:216:0:1:ce:0:0/g:ce:0:0/bg:f5f3f1/q:85/czM6Ly9kaXZhbi9wcm9kdWN0LzUxMTQ4NTgucG5n.jpg
Комплект постельного белья Табиано 1 Oliva,3190,https://cdn0.divan.ru/img/v1/CrLneomToZuso6OKkP2LLw2KyaebkBFVdFULANEUtx0/t:0::0:0/pd:30:30:30:30/rs:fit:364:216:0:1:ce:0:0/g:ce:0:0/bg:f5f3f1/q:85/czM6Ly9kaXZhbi9wcm9kdWN0LzQ3MTg0MjAucG5n.jpg
Кровать Слипсон 160 Vertical Pink,38990,https://cdn0.divan.ru/img/v1/bOJ9i2mvu_GCKR_JQeu5Bx6jcvdlNG3060Iw4BZ0bLI/t:0::0:0/pd:30:30:30:30/rs:fit:364:216:0:1:ce:0:0/g:ce:0:0/bg:f5f3f1/q:85/czM6Ly9kaXZhbi9wcm9kdWN0LzQ2MjYwNDMucG5n.jpg
Кровать Весмар 160 Bucle Silver,40990,https://cdn0.divan.ru/img/v1/OLhZ1Qj9jpjs9oyT9QryWMIzK_k1wgq0fVEerPH-am0/t:0::0:0/pd:30:30:30:30/rs:fit:364:216:0:1:ce:0:0/g:ce:0:0/bg:f5f3f1/q:85/czM6Ly9kaXZhbi9wcm9kdWN0LzQ2MjYyNzUucG5n.jpg
Матрас Бовори 160x200,18990,https://cdn0.divan.ru/img/v1/4NeTaqab06oLnVCXfcYa8OPdkMGt2IobGpWA7_ckHOA/t:0::0:0/pd:30:30:30:30/rs:fit:364:216:0:1:ce:0:0/g:ce:0:0/bg:f5f3f1/q:85/czM6Ly9kaXZhbi9wcm9kdWN0LzQxOTQ4NTEucG5n.jpg
Кровать Фостер 160 Velvet Plum,41990,https://cdn0.divan.ru/img/v1/-yiepI5_7yG1Hji8-yXUtRBtbJZOX7vqTKDQd28zGCo/t:0::0:0/pd:30:30:30:30/rs:fit:364:216:0:1:ce:0:0/g:ce:0:0/bg:f5f3f1/q:85/czM6Ly9kaXZhbi9wcm9kdWN0LzQ4MTk1MTMucG5n.jpg
Кровать Лосон 180 Velvet Grey,34990,https://cdn0.divan.ru/img/v1/gz2uMAhpC73ZvihDRNGCoZ4bd-VAsYNFU4u3iHi6E6k/t:0::0:0/pd:30:30:30:30/rs:fit:364:216:0:1:ce:0:0/g:ce:0:0/bg:f5f3f1/q:95/czM6Ly9kaXZhbi9wcm9kdWN0LzQxNTU3NjgucG5n.jpg
Комплект постельного белья Лейк 2.0 Grey,4990,https://cdn0.divan.ru/img/v1/XbnPqQmxYHOBiOuh-yikT5QmjESAew54v4-lj4mOxgU/t:0::0:0/pd:30:30:30:30/rs:fit:364:216:0:1:ce:0:0/g:ce:0:0/bg:f5f3f1/q:85/czM6Ly9kaXZhbi9wcm9kdWN0LzQ2Nzc0MjEucG5n.jpg
Кровать Шерона-Legs 160 Velvet Emerald,41990,https://cdn0.divan.ru/img/v1/-vp0Wii3blcA76x9mF4BAUsI6PuwOsS_aUMjabxjrS4/t:0::0:0/pd:30:30:30:30/rs:fit:364:216:0:1:ce:0:0/g:ce:0:0/bg:f5f3f1/q:85/czM6Ly9kaXZhbi9wcm9kdWN0LzQ1NTU1NTcucG5n.jpg
Кровать Лайтси 140 Velvet Beige,36990,https://cdn0.divan.ru/img/v1/1ImGKBP5m7jBMFxwg3In_PWoWZDhcdMCgVjIs70RJGo/t:0::0:0/pd:30:30:30:30/rs:fit:364:216:0:1:ce:0:0/g:ce:0:0/bg:f5f3f1/q:85/czM6Ly9kaXZhbi9wcm9kdWN0LzQ0NTEwNTQucG5n.jpg
Кровать Ингрид-1 90 Plywood,15990,https://cdn0.divan.ru/img/v1/zZIMwpz5Z7tmpXH2wOxxApSF9ufm28VOwiryZHH2DcQ/t:0::0:0/pd:30:30:30:30/rs:fit:364:216:0:1:ce:0:0/g:ce:0:0/bg:f5f3f1/q:85/czM6Ly9kaXZhbi9wcm9kdWN0LzUwNjM1OTQucG5n.jpg
Матрас Эслекс 90x200,14990,https://cdn0.divan.ru/img/v1/KcFcxaI9OYIvW_DYSKgnCAubNAx5ppgH8et4aTZ7Gyc/t:0::0:0/pd:30:30:30:30/rs:fit:364:216:0:1:ce:0:0/g:ce:0:0/bg:f5f3f1/q:85/czM6Ly9kaXZhbi9wcm9kdWN0LzQ0OTkyNzkucG5n.jpg
Кровать Кевия 140 Bucle Milk,63990,https://cdn0.divan.ru/img/v1/ZhtNoKKVBSK5vwWn477HFvxMkSHxuuJS19qcLmi6Rkk/t:0::0:0/pd:30:30:30:30/rs:fit:364:216:0:1:ce:0:0/g:ce:0:0/bg:f5f3f1/q:85/czM6Ly9kaXZhbi9wcm9kdWN0LzQ4NDUyMTAucG5n.jpg
Кровать Кьево 160 Velvet Pink,40990,https://cdn0.divan.ru/img/v1/GDXiqGcqQLXNsNbpU4Mb9ZAwD9WvosvPZEnpcKTXaE4/t:0::0:0/pd:30:30:30:30/rs:fit:364:216:0:1:ce:0:0/g:ce:0:0/bg:f5f3f1/q:95/czM6Ly9kaXZhbi9wcm9kdWN0LzQxNjE1ODMucG5n.jpg
Кровать Плиди 180 Velvet Grafit,37990,https://cdn0.divan.ru/img/v1/7uZkM6nkM_xLN7N260-JVSW3X2l-ZOAHur5YgOov-dw/t:0::0:0/pd:30:30:30:30/rs:fit:364:216:0:1:ce:0:0/g:ce:0:0/bg:f5f3f1/q:85/czM6Ly9kaXZhbi9wcm9kdWN0LzQ1MjQxNTUucG5n.jpg
Комплект постельного белья Табиано евро Ocean,4590,https://cdn0.divan.ru/img/v1/0_qsRwsCWpO2EWwNp8JA2M46yEmdKoCQ3aSKFWEoxJg/t:0::0:0/pd:30:30:30:30/rs:fit:364:216:0:1:ce:0:0/g:ce:0:0/bg:f5f3f1/q:85/czM6Ly9kaXZhbi9wcm9kdWN0LzQ2NDU2NTQucG5n.jpg
Кровать Саоми 140 Velvet Bluestone,45990,https://cdn0.divan.ru/img/v1/0g8cqFRQ3ZNssrJT4QMTluPBO3NMoBZNIsyIk0UuThM/t:0::0:0/pd:30:30:30:30/rs:fit:364:216:0:1:ce:0:0/g:ce:0:0/bg:f5f3f1/q:85/czM6Ly9kaXZhbi9wcm9kdWN0LzUxNDg2ODQucG5n.jpg
Кровать Дарлайн 90 Дуб Ирландский,16990,https://cdn0.divan.ru/img/v1/wjzUhIRRww9Y7gxdAQ5sGOWOgVRDOGj1TBAwsXjc5GM/t:0::0:0/pd:30:30:30:30/rs:fit:364:216:0:1:ce:0:0/g:ce:0:0/bg:f5f3f1/q:95/czM6Ly9kaXZhbi9wcm9kdWN0LzQxNTY4MDAucG5n.jpg
Кровать Эмбер 160 Cozy Dove,63990,https://cdn0.divan.ru/img/v1/jgH11VwVRs2-apyz_Itwkrzd5LwYePdfORa3nDGkpeg/t:0::0:0/pd:30:30:30:30/rs:fit:364:216:0:1:ce:0:0/g:ce:0:0/bg:f5f3f1/q:85/czM6Ly9kaXZhbi9wcm9kdWN0LzQ5MDQ0OTUucG5n.jpg
Матрас Латмек 90x200,19990,https://cdn0.divan.ru/img/v1/w2ujJdFsVioSLn7eXPGZR4odKdHWOl_2e6VJbiDs6hU/t:0::0:0/pd:30:30:30:30/rs:fit:364:216:0:1:ce:0:0/g:ce:0:0/bg:f5f3f1/q:85/czM6Ly9kaXZhbi9wcm9kdWN0LzQxOTQxMzIucG5n.jpg
Кровать Вайлор-Floor 160 Velvet Olive,52990,https://cdn0.divan.ru/img/v1/F7HsYepOMjAt2Lc0SzaGYZXo73GFJQZ4mDqn8gpl2YI/t:0::0:0/pd:30:30:30:30/rs:fit:364:216:0:1:ce:0:0/g:ce:0:0/bg:f5f3f1/q:85/czM6Ly9kaXZhbi9wcm9kdWN0LzQ1NDQwNjgucG5n.jpg
Матрас Финдо 80x200,11990,https://cdn0.divan.ru/img/v1/eDNyS9WcseS2V99DnArP90uLK1WW98eh_NEeTRnT3Wg/t:0::0:0/pd:30:30:30:30/rs:fit:364:216:0:1:ce:0:0/g:ce:0:0/bg:f5f3f1/q:85/czM6Ly9kaXZhbi9wcm9kdWN0LzQxOTQ5NzYucG5n.jpg
Кровать Клифтон Velvet Light,54990,https://cdn0.divan.ru/img/v1/bhfelnF2bbhSJkio5JShlgNciccCkG6fWE8Y3SzSJAM/t:0::0:0/pd:30:30:30:30/rs:fit:364:216:0:1:ce:0:0/g:ce:0:0/bg:f5f3f1/q:85/czM6Ly9kaXZhbi9wcm9kdWN0LzQ0NTg5NTMucG5n.jpg
Матрас Минли 160x200,19990,https://cdn0.divan.ru/img/v1/UmLuw81od3mvIj5xDj-5Esb-aWFnCFgN2D1B28QdR-o/t:0::0:0/pd:30:30:30:30/rs:fit:364:216:0:1:ce:0:0/g:ce:0:0/bg:f5f3f1/q:85/czM6Ly9kaXZhbi9wcm9kdWN0LzQxOTQyMTUucG5n.jpg
Кровать Саоми 160 Velvet Olive,49990,https://cdn0.divan.ru/img/v1/zKrJxp7Q5UXNKLbTgXA2Ydp3j6Hpxyst10hlY3WtIyk/t:0::0:0/pd:30:30:30:30/rs:fit:364:216:0:1:ce:0:0/g:ce:0:0/bg:f5f3f1/q:85/czM6Ly9kaXZhbi9wcm9kdWN0LzUxNDg2OTUucG5n.jpg
Кровать Весмар 180 Velvet Mustard,37990,https://cdn0.divan.ru/img/v1/_g2Yk7N_Z9qelS_lOVMA4HK0QguRq84IojmfhactJH4/t:0::0:0/pd:30:30:30:30/rs:fit:364:216:0:1:ce:0:0/g:ce:0:0/bg:f5f3f1/q:85/czM6Ly9kaXZhbi9wcm9kdWN0LzQxNTQyODMucG5n.jpg
Матрас Илаунд 160x200,23990,https://cdn0.divan.ru/img/v1/kyR5qhfK0IOp0VLGrjRhKxA_B2gGT2XRmZqcavgVTUM/t:0::0:0/pd:30:30:30:30/rs:fit:364:216:0:1:ce:0:0/g:ce:0:0/bg:f5f3f1/q:85/czM6Ly9kaXZhbi9wcm9kdWN0LzQxOTM2NzEucG5n.jpg
Кровать Одли 160 Textile Silver,48990,https://cdn0.divan.ru/img/v1/KNytrz61lo6IxyZ12bwv3Y7TnSQRMdk9mxAjmqZMb38/t:0::0:0/pd:30:30:30:30/rs:fit:364:216:0:1:ce:0:0/g:ce:0:0/bg:f5f3f1/q:85/czM6Ly9kaXZhbi9wcm9kdWN0LzQ1MTk1ODkucG5n.jpg
Кровать Стелла 160 Белый,27990,https://cdn0.divan.ru/img/v1/Whh-P_KDMVFyzIQJzeVU8QqtTX_cQGNQBMEgojVqJxo/t:0::0:0/pd:30:30:30:30/rs:fit:364:216:0:1:ce:0:0/g:ce:0:0/bg:f5f3f1/q:95/czM6Ly9kaXZhbi9wcm9kdWN0LzQxNTc4NDEucG5n.jpg
Кровать Кьево 160 Vertikal Light,42990,https://cdn0.divan.ru/img/v1/7HUSePaJAy3bA3n0QPEiw3lFjg3fN3FLDfSlAkgo72U/t:0::0:0/pd:30:30:30:30/rs:fit:364:216:0:1:ce:0:0/g:ce:0:0/bg:f5f3f1/q:85/czM6Ly9kaXZhbi9wcm9kdWN0LzQxNjMxMTEucG5n.jpg
Кровать Майтон 160 Velvet Yellow,35990,https://cdn0.divan.ru/img/v1/G50bH7TZPTf31Mpy-Z_EklFv7bggejju5B_JaixbNug/t:0::0:0/pd:30:30:30:30/rs:fit:364:216:0:1:ce:0:0/g:ce:0:0/bg:f5f3f1/q:95/czM6Ly9kaXZhbi9wcm9kdWN0LzQxNTc3MTEucG5n.jpg
Кровать Фромборк-2 160 Wood,20990,https://cdn0.divan.ru/img/v1/diwySoV1bCPfnk7IZMgBu9EG1MCfj7cx4hLu9I-A1EA/t:0::0:0/pd:30:30:30:30/rs:fit:364:216:0:1:ce:0:0/g:ce:0:0/bg:f5f3f1/q:85/czM6Ly9kaXZhbi9wcm9kdWN0LzQyMDM4ODgucG5n.jpg
Матрас Эсенс 80x200,16990,https://cdn0.divan.ru/img/v1/EdLE9LVxqjjsQ5I-HYiz0UG8wLQBrSKoe8NIQRL0tQ0/t:0::0:0/pd:30:30:30:30/rs:fit:364:216:0:1:ce:0:0/g:ce:0:0/bg:f5f3f1/q:85/czM6Ly9kaXZhbi9wcm9kdWN0LzQxOTQwMDcucG5n.jpg
Комплект постельного белья Ланкор евро Navy Blue,7990,https://cdn0.divan.ru/img/v1/UQiUko4tLCpVc3cBiXhZTAwngAJ5dps-OO6ej5cOPUE/t:0::0:0/pd:30:30:30:30/rs:fit:364:216:0:1:ce:0:0/g:ce:0:0/bg:f5f3f1/q:85/czM6Ly9kaXZhbi9wcm9kdWN0LzQ2NDU3NTYucG5n.jpg
Матрас Леку 180x200,21990,https://cdn0.divan.ru/img/v1/VevriFaCW81znMzYNsx7mX469fhVgaBci0vVSmIHME8/t:0::0:0/pd:30:30:30:30/rs:fit:364:216:0:1:ce:0:0/g:ce:0:0/bg:f5f3f1/q:85/czM6Ly9kaXZhbi9wcm9kdWN0LzQxOTUxNDcucG5n.jpg
